fingerprint,review_id,app_id,app_name,country,rating,title,content,original_content,author,version,review_date,is_most_helpful,source,is_short,is_spam
9099e72b8c5b2adc1849125f36f10c021f02b03fa2c57876bfcc06710dd49a80,14562614163,6794501026,Grok Bot,us,5,Pretty awesome!,Multi agent workflows are great. Very fast!,Multi agent workflows are great. Very fast!,Chris R. G.,1.11.0,2026-09-18T02:14:41Z,False,itunes_rss_mostRecent,False,False
c854e340d9eff3244b08d20854b0183e7d33b2a3b2c299f9ba1d7f1bdec5b887,14562586349,6794501026,Grok Bot,us,5,Best App I’ve Ever Downloaded In My LIFE,This app is unbelievably useful when you actually give it meaningful tasks!,This app is unbelievably useful when you actually give it meaningful tasks!,Que Chimmmmnba,1.11.0,2026-09-18T02:03:22Z,False,itunes_rss_mostRecent,False,False
fac3f594c6f4805db7fd79db61a019b9032dbbaea75efbbecc63158da77657eb,14562399895,6794501026,Grok Bot,us,5,Grok Bot Use Cases are amazing,I continue to be blown away by my team of Grok Bots on a by moment basis. Truly a game changer for my businesses,I continue to be blown away by my team of Grok Bots on a by moment basis. Truly a game changer for my businesses,Jeremy Bigham,1.11.0,2026-09-18T00:49:17Z,False,itunes_rss_mostRecent,False,False
87de6cba94e97daaaaf3e4af8dcc347088469297c1e902ebb14e19f41bd650e7,14562326616,6794501026,Grok Bot,us,5,This is the future,I seriously considered hiring a virtual assistant for sending emails and doing boring stuff but now I can just use bots 🙏,I seriously considered hiring a virtual assistant for sending emails and doing boring stuff but now I can just use bots 🙏,gumfutf,1.11.0,2026-09-18T00:20:13Z,False,itunes_rss_mostRecent,False,False
8114c2ef6be4222fed47de566e0bdd94de9bf6b24015baec4d57294035bc323c,14562302871,6794501026,Grok Bot,us,5,great app,"Completely changed the way I work. I am a solo trader, but I feel I am in a team, and I am a CIO of my own hedge fund.","Completely changed the way I work. I am a solo trader, but I feel I am in a team, and I am a CIO of my own hedge fund.",voyager2048,1.11.0,2026-09-18T00:10:55Z,False,itunes_rss_mostRecent,False,False
8315f3d50b6d5c26289bd9867199bb77a6f8d10625abb7eb5e1064bd1f3dcfe9,14562256989,6794501026,Grok Bot,us,5,Awesome sauce,"It has coordinated allnly calendars and allowed me to clear my desk of sticky notes.

I dont even use it to the smallest degree. Try it. Worth it.","It has coordinated allnly calendars and allowed me to clear my desk of sticky notes. 

I dont even use it to the smallest degree. Try it. Worth it.",Kellyls1,1.11.0,2026-09-17T23:52:55Z,False,itunes_rss_mostRecent,False,False
889b15d8631ecd34a91af454b741af813f3c6374add7f0d7fc0e1290a243262f,14562255271,6794501026,Grok Bot,us,1,Don’t be an existing user,"Setup flow is broken. If you login to Grok through X, and try to follow the path of logging in to Grok Bot through Grok, it breaks. Wish I could comment on the app itself but never got there. Hilarious that it couldn’t handle the login to itself when that’s it’s superpower.","Setup flow is broken. If you login to Grok through X, and try to follow the path of logging in to Grok Bot through Grok, it breaks. Wish I could comment on the app itself but never got there. Hilarious that it couldn’t handle the login to itself when that’s it’s superpower.",BroVangelist,1.11.0,2026-09-17T23:52:13Z,False,itunes_rss_mostRecent,False,False
cc13c8758842940a1d1bceeb92924d93ec3dd6833f5f64527a28ef198966ad76,14562181554,6794501026,Grok Bot,us,5,Blown away,"Not gonna lie having grok bot not only feels like working with a team, but it also helps me stay organized with everything I have to do in my personal training business.","Not gonna lie having grok bot not only feels like working with a team, but it also helps me stay organized with everything I have to do in my personal training business.",LilNasty,1.11.0,2026-09-17T23:22:36Z,False,itunes_rss_mostRecent,False,False
5ce6f037a82dacd14b4164128c310f93dfb04f8f92bc5bbeb1ab320cffa067c4,14562054241,6794501026,Grok Bot,us,5,Exceptional Software!!!,This is truly one of the greatest and most useful apps that I have run across. It is literally running my business thanks to the developers!,This is truly one of the greatest and most useful apps that I have run across. It is literally running my business thanks to the developers!,Dpalm76,1.11.0,2026-09-17T22:31:39Z,False,itunes_rss_mostRecent,False,False
a240cbbf08b698c88fc1a978e8e47428583ee1771601b16769e0380ce04da3e9,14562002225,6794501026,Grok Bot,us,5,Already paid for itself,Was able to have grok bots act as true assistants in a few ways. One thing that surprised me was having it be able to act as an explicit content filter before documents were uploaded to public sources by anonymous users. Usually doing that kind of filtering is a nightmare but Grok is really good at properly quarantining questionable content,Was able to have grok bots act as true assistants in a few ways. One thing that surprised me was having it be able to act as an explicit content filter before documents were uploaded to public sources by anonymous users. Usually doing that kind of filtering is a nightmare but Grok is really good at properly quarantining questionable content,Loook42,,2026-09-17T22:10:50Z,True,web_ssr_helpful,False,False
440322a0b693e51eb02dc7e0e7c2470426568855844239bd713bf338af0d3fa3,14561940641,6794501026,Grok Bot,us,5,Excellent tool!,Automated so many things from our day to day life. Usage efficiencies are welcome though!,Automated so many things from our day to day life. Usage efficiencies are welcome though!,HotGarbage123456,1.11.0,2026-09-17T21:46:36Z,False,itunes_rss_mostRecent,False,False
9d9c362aaa3484d7f2e891c2b914c9e7a6778dc874049aa068d52bf675ef5f97,14561221836,6794501026,Grok Bot,us,5,GROK,Yes!,Yes!,srgep,1.11.0,2026-09-17T17:33:56Z,False,itunes_rss_mostRecent,False,False
b3bb57c9ce38612605966a30cbe86c225b0872697c6fcc9f51a7ae9d1ed34ed8,14560359516,6794501026,Grok Bot,us,5,Amazing Agent Platform,"Crocbot is amazing. All of the best parts of egentic workflows in a very simple UI UX experience. proactive and thoughtful and keeps us incredibly well organized.

The only issue we've encountered so far is the bots getting hung very infrequently, like once over three weeks. And they usually come back up within an hour or two. Highly recommend.","Crocbot is amazing. All of the best parts of egentic workflows in a very simple UI UX experience. proactive and thoughtful and keeps us incredibly well organized.

The only issue we've encountered so far is the bots getting hung very infrequently, like once over three weeks. And they usually come back up within an hour or two. Highly recommend.",Dans-iPad2,,2026-09-17T13:18:31Z,True,web_ssr_helpful,False,False
c97c00a489da04665ac4c03f4436ec65347c92733b53458402614d0a4d731560,14559550486,6794501026,Grok Bot,us,5,Changed my life,Love it.,Love it.,Tanvgnvchjbcgkjcd,1.10.0,2026-09-17T08:20:24Z,False,itunes_rss_mostRecent,False,False
47ef357cb300816cdf27e63a9c99011d5ec5fdffe6024050929be713bb5ed9a7,14558974769,6794501026,Grok Bot,us,3,I still haven’t made money,"I have 17000 images, I need to pay off a car for 4500. I got more art than money for car.","I have 17000 images, I need to pay off a car for 4500. I got more art than money for car.",Poosy Woosy,1.10.0,2026-09-17T03:45:48Z,False,itunes_rss_mostRecent,False,False
bbc1482b791ee8fc69a6dca3f44db1a464a0f5a3693dceb55764e6e9bc27f90c,14558936593,6794501026,Grok Bot,us,5,Changed the way I work!,Finally…AI agents for knowledge based workers!!!,Finally…AI agents for knowledge based workers!!!,100percentpaydaydotcom,1.10.0,2026-09-17T03:28:42Z,False,itunes_rss_mostRecent,False,False
7ec4b27976d90b70ccf413e0e65eb82b94c27e6becfc6c05c9c6f2733bb7668f,14558884001,6794501026,Grok Bot,us,5,Amazing for productivity,"Grok Bot has helped my productivity levels so much and taken the mental load off, it’s like having a personal assistant! Amazing product.","Grok Bot has helped my productivity levels so much and taken the mental load off, it’s like having a personal assistant! Amazing product.",youseeberkeley,1.10.0,2026-09-17T03:05:36Z,False,itunes_rss_mostRecent,False,False
6855996eac04aa24a467ceef3ab362f87464fa55658a61fb8d41ae875b3a5a1f,14558776205,6794501026,Grok Bot,us,5,Personal life management team,"Love it as a personal life management team. Great for Boomers, GenX in the post work stages","Love it as a personal life management team. Great for Boomers, GenX in the post work stages",Tz7qd5,1.10.0,2026-09-17T02:20:17Z,False,itunes_rss_mostRecent,False,False
b53f113e68c2353f3a1b2ab3cc09481adb5c3c2ee9f943abeb8dbeeec957289d,14558688680,6794501026,Grok Bot,us,5,On track when my like is a roller coasters.,"Be specific!
Go into detail.
Have the downloads of different apps. That’s the key.

The first day you’re training it. A robot doesn’t know what you want. The robot can’t minds.

I love it! I had Labor And industry appointments. I had court dates. A cancer scare. And a blood pressure scare, plus I was trying to clean up my credit, and I have a very spoiled rotten dog.

I have school coming up. I need to get all this stuff done. The most hardest time for me is 9/11.

When you have depression, ADHD and anxieties you feel like you’re on a windmill, spinning out of control and having a meltdown. Thank you, Grok Bot!","Be specific!
Go into detail.
 Have the downloads of different apps. That’s the key.

 The first day you’re training it. A robot doesn’t know what you want. The robot can’t minds. 

I love it! I had Labor And industry appointments. I had court dates. A cancer scare. And a blood pressure scare, plus I was trying to clean up my credit, and I have a very spoiled rotten dog. 

I have school coming up. I need to get all this stuff done. The most hardest time for me is 9/11. 

When you have depression, ADHD and anxieties you feel like you’re on a windmill, spinning out of control and having a meltdown. Thank you, Grok Bot!",Bagwtrac,1.10.0,2026-09-17T01:45:17Z,False,itunes_rss_mostRecent,False,False
7970302b6407e6f0506521f1c8c70ef4dcd3dc17a37d8f59650396c31590718a,14558671390,6794501026,Grok Bot,us,2,Pretty slow and freezing,I can’t work with this app is too slow and also sometimes it totally freezes. I was trying to close the app and doesn’t help.,I can’t work with this app is too slow and also sometimes it totally freezes. I was trying to close the app and doesn’t help.,GiselBeco,1.10.0,2026-09-17T01:38:19Z,False,itunes_rss_mostRecent,False,False
25b221677befb6f348d79a4a0b85919b9c98b0cd884f36f68b1187aba377db56,14558652294,6794501026,Grok Bot,us,5,Incredible app,This app actually gets the job done. Very concise and recourse-full!,This app actually gets the job done. Very concise and recourse-full!,eze1sc,1.10.0,2026-09-17T01:30:44Z,False,itunes_rss_mostRecent,False,False
5e647cafda2ed71a4aea10efbac7399c0f9a9144e714d71479877ff0f04071df,14558489438,6794501026,Grok Bot,us,5,Amazing functionality.,This app makes my mediocrity my superpower. I built a business with it.  Can’t tell you how incredible it is.,This app makes my mediocrity my superpower. I built a business with it.  Can’t tell you how incredible it is.,Tragik187,1.10.0,2026-09-17T00:26:35Z,False,itunes_rss_mostRecent,False,False
ffcc749509c68b8f675a34c02b1d4ef73264fe08590a005a532dfc05babcaceb,14557937671,6794501026,Grok Bot,us,3,Data usage,It’s hard to know how much data a task uses. Burns through data too fast. I hope these bots get more efficient to run,It’s hard to know how much data a task uses. Burns through data too fast. I hope these bots get more efficient to run,Stickm123,1.10.0,2026-09-16T20:47:54Z,False,itunes_rss_mostRecent,False,False
50aa3f3a16da8ff3d55c8d820f847f8c87cf25e6e1cfbf0e96aa1c3d48a76c7c,14557877014,6794501026,Grok Bot,us,5,Its Pretty Good,"It’s pretty good so far, just need to figure out how to be quicker with automation.","It’s pretty good so far, just need to figure out how to be quicker with automation.",Capitalism26,1.10.0,2026-09-16T20:25:22Z,False,itunes_rss_mostRecent,False,False
1c1948b4b01c462231946017ed6b5c4bbaf0866c6abfcd2897f17afea50eb7fb,14557678211,6794501026,Grok Bot,us,2,unable to login,"I'm stuck at login. I used X to authorize the corresponding account to log in, but it's still asking me to link a mobile number.","I'm stuck at login. I used X to authorize the corresponding account to log in, but it's still asking me to link a mobile number.",WriterPitts,1.10.0,2026-09-16T19:15:48Z,False,itunes_rss_mostRecent,False,False
de28807b6382401861485cda5a8413c76aa751902026946ae6f25710c904fbe4,14556448498,6794501026,Grok Bot,us,5,It just works,It just works easy to set up. Feel smart to talk to. I found a lot of uses for it in just 24 hours. It’s early so I’ll come back in a couple weeks to see if it has maintained but so far this is one of the best AI experiences I’ve had.,It just works easy to set up. Feel smart to talk to. I found a lot of uses for it in just 24 hours. It’s early so I’ll come back in a couple weeks to see if it has maintained but so far this is one of the best AI experiences I’ve had.,tstahl,1.10.0,2026-09-16T13:04:21Z,False,itunes_rss_mostRecent,False,False
7715b5f5c68023e86d9d2b765c32fba16a79536a090006e3943995cdba0f181c,14556354210,6794501026,Grok Bot,us,5,Great App,The bots are a good balance of getting things done and asking for permission. Just have to figure out how you can best utilize them,The bots are a good balance of getting things done and asking for permission. Just have to figure out how you can best utilize them,Frodie25,1.10.0,2026-09-16T12:36:31Z,False,itunes_rss_mostRecent,False,False
4645bfa6d6c893a490b3002932b30f3dc49a736b0be616e71df7541bd977b6c3,14556348862,6794501026,Grok Bot,us,5,Not a chat bot.,This gets real work done.,This gets real work done.,WillyWheel,1.10.0,2026-09-16T12:34:57Z,False,itunes_rss_mostRecent,False,False
4d98574c1c8b6334ae4ffbb35773d12d79bbf7e9db570c4a8c7084118095b174,14556141540,6794501026,Grok Bot,us,5,A teammate that ships work,"Grok Bot feels like a real teammate, not another chatbot. I spin up focused assistants for writing, ops, and day-to-day work, and they actually follow through — drafts I can send, follow-ups handled, less tab-juggling. Clear, practical, and fast enough to stay in my flow. Worth it if you want help that ships work, not just answers.","Grok Bot feels like a real teammate, not another chatbot. I spin up focused assistants for writing, ops, and day-to-day work, and they actually follow through — drafts I can send, follow-ups handled, less tab-juggling. Clear, practical, and fast enough to stay in my flow. Worth it if you want help that ships work, not just answers.",NacnudMit,1.10.0,2026-09-16T11:30:21Z,False,itunes_rss_mostRecent,False,False
d2dd0c17b84d6c2c9bc211b424b75cddc27c2a535f34f0b86d47992b74f346c7,14556112113,6794501026,Grok Bot,us,5,Game Changer,Get here early and learn. This is the future.,Get here early and learn. This is the future.,Lubbock Girl 46,1.10.0,2026-09-16T11:20:46Z,False,itunes_rss_mostRecent,False,False
725c3e460708e2fce095b662fa301df780bc35fd8204c8a0fd52aab6d3b98b70,14555944803,6794501026,Grok Bot,us,1,垃圾中的垃圾,教一个傻子干活，真想一巴掌扇这些开发,教一个傻子干活，真想一巴掌扇这些开发,gork f,1.10.0,2026-09-16T10:20:46Z,False,itunes_rss_mostRecent,False,False
43893c2746d5a05ce484dce3e214a36cff0eba9833ce2f3ad7742adcbeb3240b,14555142709,6794501026,Grok Bot,us,5,BOOM,The BEST!!,The BEST!!,Bsbcam,1.10.0,2026-09-16T04:28:22Z,False,itunes_rss_mostRecent,False,False
f56a4bc92a5d34024afeb1405d58ec73e73305eba5f95e662b9461eb6ba77c65,14555049193,6794501026,Grok Bot,us,5,Impressive,"**★★★★★**

Didn’t expect much — I’m a fleet guy, not a tech person. This thing turned a messy pile of work (emails, work orders, drafts, side projects) into something I can actually run. Feels less like chatting with a bot and more like having a sharp chief of staff who remembers the rules and keeps the specialists in line.

Not perfect. It can over-explain if you let it, and you still have to say “send” yourself. But for someone who just needs to get real work done without becoming an IT project, it’s pretty wild what you can pull off.

Would recommend.","**★★★★★**

Didn’t expect much — I’m a fleet guy, not a tech person. This thing turned a messy pile of work (emails, work orders, drafts, side projects) into something I can actually run. Feels less like chatting with a bot and more like having a sharp chief of staff who remembers the rules and keeps the specialists in line.

Not perfect. It can over-explain if you let it, and you still have to say “send” yourself. But for someone who just needs to get real work done without becoming an IT project, it’s pretty wild what you can pull off.

Would recommend.",Dyates04,1.10.0,2026-09-16T03:47:58Z,False,itunes_rss_mostRecent,False,False
22b997a449b48821d4717be6d01fc694b57269ba4aa4bd34c3032f63e14c0ea4,14555002606,6794501026,Grok Bot,us,1,Grok / X sign-in doesn’t work,"I’ve tried logging into Grok Bot using Grok, then tried to sign into Grok using my X account, and it never stops progressing. It just keeps going and going and nothing finishes. Fix ya product please.","I’ve tried logging into Grok Bot using Grok, then tried to sign into Grok using my X account, and it never stops progressing. It just keeps going and going and nothing finishes. Fix ya product please.",NoneYa00027474,1.10.0,2026-09-16T03:27:08Z,False,itunes_rss_mostRecent,False,False
f628aacc7295b054d45b7774521dab96b2e3324abcf6f82c1ce0d4c51f86dbc5,14554998095,6794501026,Grok Bot,us,1,Can’t sign in using Grok/X,"When I tried using my grok account that’s connected to my X, it just spins progress wheel and nothing happens. Please fix.","When I tried using my grok account that’s connected to my X, it just spins progress wheel and nothing happens. Please fix.",RepunzelRosas,1.10.0,2026-09-16T03:25:08Z,False,itunes_rss_mostRecent,False,False
cd8cefeeb6bb0d018c7d403cb4693b6a764473dae73ebd0a437d44243e13b04a,14554972740,6794501026,Grok Bot,us,4,Needs some work,"I am totally impressed and I’m a little afraid of how I’m gonna go back to not having the bots. I have individualized each and and they help me run the world Elle. It’s like the 5 different directions finally pulled of my head and each are now focused on the task that they (me) wanted to accomplish. What is holding me back from actually buying a subscription? I’d say the integration with apple and actually being able to integrate themselves within my phone and certain limitations such as sharing data files of my passwords instead of having to login to this or that. Which is why if it was capable of phone integration it would be smoother, thank you!","I am totally impressed and I’m a little afraid of how I’m gonna go back to not having the bots. I have individualized each and and they help me run the world Elle. It’s like the 5 different directions finally pulled of my head and each are now focused on the task that they (me) wanted to accomplish. What is holding me back from actually buying a subscription? I’d say the integration with apple and actually being able to integrate themselves within my phone and certain limitations such as sharing data files of my passwords instead of having to login to this or that. Which is why if it was capable of phone integration it would be smoother, thank you!",SinfullySweet1,,2026-09-16T03:14:02Z,True,web_ssr_helpful,False,False
2898440dd6fd9d050144fb5f2e34e4610c183af3ff62215a550d5faa745dac63,14554948994,6794501026,Grok Bot,us,5,Out of this world insane.,It’s a personal assistant that will do anything you tell it to do.,It’s a personal assistant that will do anything you tell it to do.,Brayden2400,1.10.0,2026-09-16T03:03:41Z,False,itunes_rss_mostRecent,False,False
0156fb751f39776b966c06891f91687390e4dcafa1ff67d2e2a2c46a26dc1338,14554746614,6794501026,Grok Bot,us,5,Must Have It,Once you make your own hedge fund…you never look back.,Once you make your own hedge fund…you never look back.,theitherdudenotthatone,1.10.0,2026-09-16T01:40:27Z,False,itunes_rss_mostRecent,False,False
f204fcc878aec380a773928f9ef02be40358224492bdccf5eee3060aa9cce423,14554677930,6794501026,Grok Bot,us,5,Early User Here. Must Have!,I’ve been an early user of this product and wow!!! Today I have agents running my social media. I have fleet of agents that are running my admin work all through my phone. Game changer!,I’ve been an early user of this product and wow!!! Today I have agents running my social media. I have fleet of agents that are running my admin work all through my phone. Game changer!,Ben Milshtein,1.10.0,2026-09-16T01:13:24Z,False,itunes_rss_mostRecent,False,False
08c13e9be1abb1c8e29df23bab3c1590cb4ed102359240b9bdbf4986f03f9f5e,14554550164,6794501026,Grok Bot,us,5,Real Estate Business,"This has been a game changer for my real estate business. An affordable personal assistant to help with marketing, clerical paperwork, book keeping, and strategy planning.","This has been a game changer for my real estate business. An affordable personal assistant to help with marketing, clerical paperwork, book keeping, and strategy planning.",BleedzBlue,1.10.0,2026-09-16T00:23:24Z,False,itunes_rss_mostRecent,False,False
9aea272f6ff1580e33bff6fda4f3652d41cb869e0735767282ce6a40244d2bdd,14554415869,6794501026,Grok Bot,us,5,Grok Bot,Phenomenal,Phenomenal,Jackson1213;7,1.10.0,2026-09-15T23:29:25Z,False,itunes_rss_mostRecent,False,False
e8a9c4b99f621eeff5441776baf2bbe5f18a26c27b59f95a4f40d61097c1204f,14554181861,6794501026,Grok Bot,us,5,The best,Helping with everything,Helping with everything,try not to blink podcast,1.10.0,2026-09-15T21:55:44Z,False,itunes_rss_mostRecent,False,False
b5a330f20440498a0b290efa743bb8e9ec218f79d3f7ba484756808ff62f6246,14554067568,6794501026,Grok Bot,us,5,Game changer!,"Chief of Staff was the missing link for daily tasks. I am only getting started, but my tone finally carries across different workflows and teams without having to keep explaining how I work or what I expect.","Chief of Staff was the missing link for daily tasks. I am only getting started, but my tone finally carries across different workflows and teams without having to keep explaining how I work or what I expect.",mpb223,1.10.0,2026-09-15T21:11:20Z,False,itunes_rss_mostRecent,False,False
e32618f46d2f8a7435eb5f982125c0a325ae1a71b4a8d5651d1bec1050c25101,14553436878,6794501026,Grok Bot,us,1,Signing in,I’ve been trying to sign in and authenticate for 10 minutes with my Grok plus account and I keep having to redo it and it kicks me out. I think there’s too many bugs still in this.,I’ve been trying to sign in and authenticate for 10 minutes with my Grok plus account and I keep having to redo it and it kicks me out. I think there’s too many bugs still in this.,john260,1.10.0,2026-09-15T17:26:10Z,False,itunes_rss_mostRecent,False,False
953f9fc6282ffaae9fc1a53d5c723253c9be3107d264416a40888671c0daef1c,14553416715,6794501026,Grok Bot,us,1,Sign up 3x and then ask money,Signup 3x times and then ask money - why the hell you don’t ask it upfront?,Signup 3x times and then ask money - why the hell you don’t ask it upfront?,BurningBronco,1.10.0,2026-09-15T17:19:25Z,False,itunes_rss_mostRecent,False,False
6b5f8edb23aec7a150d3f6ddaf053ca4f6204a80ce7f1e1215916c24ecb74640,14553355682,6794501026,Grok Bot,us,5,Best bot,Easy to access and view. I love the impartial view point,Easy to access and view. I love the impartial view point,Jose1950,1.10.0,2026-09-15T16:59:24Z,False,itunes_rss_mostRecent,False,False
30bfc1f904f74ec6e4c1c3f7e44e80cdbcab5306629d5977ebe902e045c99c99,14553167299,6794501026,Grok Bot,us,5,Soft clouds lol,So much fun and learning,So much fun and learning,St12444,1.10.0,2026-09-15T15:58:57Z,False,itunes_rss_mostRecent,False,False
e3d0abd936745aee5814e114513f6795d52fde398816aff811c939f820a4304b,14552999770,6794501026,Grok Bot,us,5,Usage bottleneck,"The usage limits are crazy small, maybe get an hour a week on supergrok.","The usage limits are crazy small, maybe get an hour a week on supergrok.",Wuway,1.10.0,2026-09-15T15:07:26Z,False,itunes_rss_mostRecent,False,False
96f0950bcdf6c8fec72b2047255172f4224761cb8cfac2b7565e8300ad2b3900,14552608503,6794501026,Grok Bot,us,5,Grokbot/ATSMATRIX,Best tool ever has help me run my software company with only 2 bots while saving thousands on payroll with real employees the future is real love this and what’s coming 🔥,Best tool ever has help me run my software company with only 2 bots while saving thousands on payroll with real employees the future is real love this and what’s coming 🔥,Anyel1to,1.10.0,2026-09-15T13:09:52Z,False,itunes_rss_mostRecent,False,False
d24570c4be20f3099179c148dcef71f14bdddc35f041cf57fd2d8fc72492f71f,14552236968,6794501026,Grok Bot,us,5,Expanding AI Horizons,"Easy to use, learns as it goes. Can create multiple bots for specific tasks","Easy to use, learns as it goes. Can create multiple bots for specific tasks",mikejashworth,1.10.0,2026-09-15T11:08:22Z,False,itunes_rss_mostRecent,False,False
24ac599c99e930992ae59dccac6222a0f6a6eef3c4f33787eb59cfad6cc7d731,14538857191,6794501026,Grok Bot,us,5,This beats losing my virginity,"Hands down the greatest tool I’ve ever used. Using it to generate leads, new contacts and send first touch emails. Has made prospecting so much more efficient. And it’s only going to get better. If you had unlimited access to use it 24/7 I could get it to automate my entire job. Absolutely incredible.","Hands down the greatest tool I’ve ever used. Using it to generate leads, new contacts and send first touch emails. Has made prospecting so much more efficient. And it’s only going to get better. If you had unlimited access to use it 24/7 I could get it to automate my entire job. Absolutely incredible.",Blevins Wealth,,2026-09-11T23:42:16Z,True,web_ssr_helpful,False,False
ff0ebf810c9696875c712a6a48ff76c0c4317a5c62a51d2c7552454b4a978167,14534985057,6794501026,Grok Bot,us,5,It’s basically magic,Been using Grok Bot for a few days now and it is truly epic. I’m an ideas guy and I have a million of them. Grok bot is able to instantly understand and begin executing on every idea I have with high quality results. I love it!!,Been using Grok Bot for a few days now and it is truly epic. I’m an ideas guy and I have a million of them. Grok bot is able to instantly understand and begin executing on every idea I have with high quality results. I love it!!,akaSimpleNick,1.8.0,2026-09-10T23:42:33Z,True,itunes_rss_mostHelpful,False,False
ca9e5d9a20d8644f87c1e4596a602f74b95e9bbe3ef81ed877693c435dd775d0,14534014714,6794501026,Grok Bot,us,1,Bots get confused more than people,"Bots are great until you realize you become a servant to them. I ask for payroll review and I need to login daily because it is not capable of holding credentials. A safety feature that fails the usefulness test.

I’ve been working on a single task for almost 3 hours now. Just asking it to respond to some notes from my accountant and make some QuickBooks updates.

Maybe ungrateful because that’s an amazing thing to begin with. But when there are authentication gates, long delays without asking for help, or not finishing tasks accurately or efficiently the usefulness breaks down.

I downloaded dr eggbot to help. It started out good but now it’s spinning on trying to fix the bots as well.

They aren’t learning. Maybe it’s me but I’m trying and it’s not helping. They are very capable idiots. Training models need significant improvement to really be useful.

I say this as someone who is advocating for this to others. Big fan of SpaceXi.","Bots are great until you realize you become a servant to them. I ask for payroll review and I need to login daily because it is not capable of holding credentials. A safety feature that fails the usefulness test.

I’ve been working on a single task for almost 3 hours now. Just asking it to respond to some notes from my accountant and make some QuickBooks updates.

Maybe ungrateful because that’s an amazing thing to begin with. But when there are authentication gates, long delays without asking for help, or not finishing tasks accurately or efficiently the usefulness breaks down.

I downloaded dr eggbot to help. It started out good but now it’s spinning on trying to fix the bots as well.

They aren’t learning. Maybe it’s me but I’m trying and it’s not helping. They are very capable idiots. Training models need significant improvement to really be useful. 

I say this as someone who is advocating for this to others. Big fan of SpaceXi.",Maparu,1.8.0,2026-09-10T17:47:20Z,True,itunes_rss_mostHelpful,False,False
7b566729e9de79cc3ad6de945bda0418ac17c7c6abdcda99f47998e530b35bb4,14531109285,6794501026,Grok Bot,us,5,Outstanding light years ahead,"Nothing comes close, while Other AI vendors are allowing AI agents to connect directly to their computers during the on boarding phase crockpots allows you to utilize them on their own computer before on boarding it. It’s just so logical. No one else is doing it.","Nothing comes close, while Other AI vendors are allowing AI agents to connect directly to their computers during the on boarding phase crockpots allows you to utilize them on their own computer before on boarding it. It’s just so logical. No one else is doing it.",Dj1encore,1.8.0,2026-09-10T00:08:28Z,True,itunes_rss_mostHelpful,False,False
b6f78608b89f10b255c9eb100bff98f5c2e43dab4468c22eb894d2bc7bab1e9b,14528046031,6794501026,Grok Bot,us,5,First off…WHAT?,"I’ve been on a Grok Bot bender for the last three days. Within the first hour of downloading it, I realized the power I had at my fingertips. I’ve been waiting for this for months as I tried to set up my own self hosted. Grok Bot is not self hosted, but you could download it and have it set up a self hosted agent for you if you have the equipment and you give it the access. Simply incredible.!","I’ve been on a Grok Bot bender for the last three days. Within the first hour of downloading it, I realized the power I had at my fingertips. I’ve been waiting for this for months as I tried to set up my own self hosted. Grok Bot is not self hosted, but you could download it and have it set up a self hosted agent for you if you have the equipment and you give it the access. Simply incredible.!",HighProductivity,,2026-09-09T06:12:51Z,True,web_ssr_helpful,False,False
4657b6463409e516b16b6a2226105ec86249409fc7c935dd6a800e8cdb1ea74f,14527264755,6794501026,Grok Bot,us,5,Best AI assistant,"This is by far one of the most helpful useful and user-friendly AI applications out there. If you procrastinate or there’s certain things that you struggle to get done or you carry a large cognitive load with all the different things going on in your life, this app will relieve that burden and help you succeed in all those areas as well as make you feel superhuman. I think this is a must for anyone managing a home managing a business managing a hobby. I can’t recommend it enough.","This is by far one of the most helpful useful and user-friendly AI applications out there. If you procrastinate or there’s certain things that you struggle to get done or you carry a large cognitive load with all the different things going on in your life, this app will relieve that burden and help you succeed in all those areas as well as make you feel superhuman. I think this is a must for anyone managing a home managing a business managing a hobby. I can’t recommend it enough.",Labz2,,2026-09-09T00:35:50Z,True,web_ssr_helpful,False,False
b4c66c98182569c300ca60d5e273b298799cd640488f0f990fabf5938387327f,14521919969,6794501026,Grok Bot,us,4,More Usage,The only reason it’s not 5 is because usage is gone the first day almost every time it’s been reset. On the last reset I asked the bot to upload a PNG  while I was busy doing something else and when I remembered to look back it had used 90% of my usage trying to upload and after all that it never even got uploaded,The only reason it’s not 5 is because usage is gone the first day almost every time it’s been reset. On the last reset I asked the bot to upload a PNG  while I was busy doing something else and when I remembered to look back it had used 90% of my usage trying to upload and after all that it never even got uploaded,shadowmqn6,,2026-09-07T16:00:27Z,True,web_ssr_helpful,False,False
8c5fe7b7f32f559fce538272e5e7d84cf8d4537157c6f1a8efb2427ae0fe9dc8,14519599026,6794501026,Grok Bot,us,5,Worth the money,"I have multiple bots keeping track of various things like weather alerts, specific calendar items, keeping email cleaned up, and I’ve been doing genealogy research. All reporting to one that I just give instructions to. Worth the money!","I have multiple bots keeping track of various things like weather alerts, specific calendar items, keeping email cleaned up, and I’ve been doing genealogy research. All reporting to one that I just give instructions to. Worth the money!",Marshallkjar,1.6.0,2026-09-07T00:55:29Z,True,itunes_rss_mostHelpful,False,False
add3c6527f33adcc8759d843eb362c432e1e10d595a556f1fe7e8148224341f1,14518439351,6794501026,Grok Bot,us,5,Exponential Productivity Growth,"Great app, easy to use if you’re running a company that needs multiple silos, departments, POCs, stages, lines of thought, and segments of work addressed. It helps you organize and execute across all of them simultaneously. Not just a minor productivity boost, but true exponential, geometric gains in total output.","Great app, easy to use if you’re running a company that needs multiple silos, departments, POCs, stages, lines of thought, and segments of work addressed. It helps you organize and execute across all of them simultaneously. Not just a minor productivity boost, but true exponential, geometric gains in total output.",JakeTred,1.6.0,2026-09-06T17:40:19Z,True,itunes_rss_mostHelpful,False,False
d81eb3e50bc598c9ff86f182232da2d054f92c1da6de7a41cdae266e189362e1,14516442231,6794501026,Grok Bot,us,1,Not Worth It - Token Hungry -,"Agents are OK for a while, but this app is very token Hungary. Well about an hour of using it I used up all my tokens. It was timed out for seven days. I’m not understanding why you would offer a bunch of bots,  it did not have some mechanism to be able to use them or conserve them versus just running through them really fast. Not a very well developed program at the lower tier here. I’m gonna hold off buying anything upper like this. Bots are fun, but they’re way expensive.","Agents are OK for a while, but this app is very token Hungary. Well about an hour of using it I used up all my tokens. It was timed out for seven days. I’m not understanding why you would offer a bunch of bots,  it did not have some mechanism to be able to use them or conserve them versus just running through them really fast. Not a very well developed program at the lower tier here. I’m gonna hold off buying anything upper like this. Bots are fun, but they’re way expensive.",Donned4568643,1.6.0,2026-09-06T06:23:54Z,True,itunes_rss_mostHelpful,False,False
15b03bef685842f8ed2be039ff05771c38c33444d45869c8cf7561c56d45123a,14514937455,6794501026,Grok Bot,us,5,GAME-CHANGER!,Shocked with how much my productivity rate went up using this app as an assistant. Puts lots of humans out of work but at least it drops the amount of time and money you spend with human agents who require pay for said work.  Take it or leave it. But I suggest you take it.,Shocked with how much my productivity rate went up using this app as an assistant. Puts lots of humans out of work but at least it drops the amount of time and money you spend with human agents who require pay for said work.  Take it or leave it. But I suggest you take it.,Devilzadvokid,1.6.0,2026-09-05T20:16:19Z,True,itunes_rss_mostHelpful,False,False
eb4c2325b5207f2139d8f3c4d166c3fd0a2dc0e4a5f73c907b88f824fcc0e1ce,14512051072,6794501026,Grok Bot,us,4,"Amazing autonomous bot, but for a day not a week","Honestly, is almost everything you would want in an easy to setup autonomous agent or agents.  But the downside is usage limits are too small to be completely autonomous.  Had to offload some workflows back to Hermes to keep myself from hitting my weekly limit within 3 days.","Honestly, is almost everything you would want in an easy to setup autonomous agent or agents.  But the downside is usage limits are too small to be completely autonomous.  Had to offload some workflows back to Hermes to keep myself from hitting my weekly limit within 3 days.",Wbaguley,1.6.0,2026-09-05T03:40:39Z,True,itunes_rss_mostHelpful,False,False
feeadacd2720f83efb7d9eda6339f9d3979018831e8de97b4d78c49ab589196e,14511685589,6794501026,Grok Bot,us,5,Very impressive human support,"It’s refreshing to get quick engagement by the human suppprt team and discuss in depth product improvements.

The level of care also shows in the frequent app updates.

The suppprt bot Sam is learning. Far from the level of understanding and thoughtfulness of humans (Nikki) at this point.","It’s refreshing to get quick engagement by the human suppprt team and discuss in depth product improvements. 

The level of care also shows in the frequent app updates. 

The suppprt bot Sam is learning. Far from the level of understanding and thoughtfulness of humans (Nikki) at this point.",atxbg,1.6.0,2026-09-05T01:18:38Z,True,itunes_rss_mostHelpful,False,False
287b5018c75b22db4a6697cbefab4de98dd2b060363743443232ed59b17af145,14508352391,6794501026,Grok Bot,us,5,iPad Support!,"They added iPad support and I am really pleased because I just recently started using it and was a little disappointed that there was no iPad support. Then one day after I subscribed to SuperGrok, they add it as if they were reading my mind! Awesome work to the folks over at SpaceXAI!","They added iPad support and I am really pleased because I just recently started using it and was a little disappointed that there was no iPad support. Then one day after I subscribed to SuperGrok, they add it as if they were reading my mind! Awesome work to the folks over at SpaceXAI!",Shinmojo,1.6.0,2026-09-04T05:42:06Z,True,itunes_rss_mostHelpful,False,False
b164d22161eb01a2041644a09b5e3751ec52da19f16c6c63e64e642a92e3c0d4,14507352980,6794501026,Grok Bot,us,4,Love love love Grok Bot. But…,"I really, really, really love Grok Bot. I cannot believe the power that we have now — it truly is like having a second employee that lives in your phone. They can do anything you ask them to at any time of the day. The only thing that I really wish Grok Bot had was the text-to-speech function that Grok AI has. I have dyslexia, which makes it hard to read, and that would revolutionize the app if I could tap and hold or right click to have the option, not just to copy the message, but to have it read to me in one of the Grok AI voices would be absolutely amazing.","I really, really, really love Grok Bot. I cannot believe the power that we have now — it truly is like having a second employee that lives in your phone. They can do anything you ask them to at any time of the day. The only thing that I really wish Grok Bot had was the text-to-speech function that Grok AI has. I have dyslexia, which makes it hard to read, and that would revolutionize the app if I could tap and hold or right click to have the option, not just to copy the message, but to have it read to me in one of the Grok AI voices would be absolutely amazing.",paul check,,2026-09-03T22:41:16Z,True,web_ssr_helpful,False,False
971f09b09b080ed028134dae73314737d26a8424ce85529f75a7d3fb80c93432,14507327646,6794501026,Grok Bot,us,5,Personal Assistant,"Using Grok Bot has been absolutely amazing. I have personal assistance for several different things going on in my life at the moment. I use each bot for different things and if I wanna add another bot, it's really easy to do. Absolutely worth the $30 every month.","Using Grok Bot has been absolutely amazing. I have personal assistance for several different things going on in my life at the moment. I use each bot for different things and if I wanna add another bot, it's really easy to do. Absolutely worth the $30 every month.",dethrayzin,1.6.0,2026-09-03T22:31:05Z,True,itunes_rss_mostHelpful,False,False
b786f29fc169a8b7da03d8af4c1e1a2c021027c0bc3e7e019808fc5cd56bc124,14506844653,6794501026,Grok Bot,us,5,Expensive but works well,Best invention known to man but they need to fix it the $200 they give you last maybe 4 hours of work then you pay almost like a dollar a minute for basic tasks,Best invention known to man but they need to fix it the $200 they give you last maybe 4 hours of work then you pay almost like a dollar a minute for basic tasks,vobbyscc,1.4.0,2026-09-03T19:28:23Z,True,itunes_rss_mostHelpful,False,False
e1801c36d4dcb81abe2ce0df5b0be6407ad37864d2093c0e51f688369dad51ff,14505399557,6794501026,Grok Bot,us,5,Great but…,"Love this AI Agent. Best in the market in terms of ease of use and cross-device compatibility. I’ve tried a bunch of these tools, and Grubbot is probably the closest I’ve found to something I can actually use throughout the day instead of just playing around with.

The biggest pain points are around persistence and intelligence when completing tasks. It still gives up too easily sometimes, gets stuck on things a human would work around, or needs me to jump back in and point it in the right direction. Obviously credit usage is a big limitation as well if you’re trying to use it as more than an occasional tool.

I’m trying to use it almost exclusively now for execution, while pairing it with a larger language model to handle the more complex thinking and heavy lifting. That setup works pretty well. I can use the LLM to think through what needs to happen, then hand the actual task over to Grubbot to go do the work across different apps and devices.

I really hope the developers keep pushing hard on making it smarter, more persistent, and better at figuring things out on its own. That’s the biggest opportunity here. I don’t want an AI that needs to be managed every few steps. I want to give it an outcome and have it keep working until the job is actually done.

Right now it feels more like a high school-level intern than an actual employee.","Love this AI Agent. Best in the market in terms of ease of use and cross-device compatibility. I’ve tried a bunch of these tools, and Grubbot is probably the closest I’ve found to something I can actually use throughout the day instead of just playing around with.

The biggest pain points are around persistence and intelligence when completing tasks. It still gives up too easily sometimes, gets stuck on things a human would work around, or needs me to jump back in and point it in the right direction. Obviously credit usage is a big limitation as well if you’re trying to use it as more than an occasional tool.

I’m trying to use it almost exclusively now for execution, while pairing it with a larger language model to handle the more complex thinking and heavy lifting. That setup works pretty well. I can use the LLM to think through what needs to happen, then hand the actual task over to Grubbot to go do the work across different apps and devices.

I really hope the developers keep pushing hard on making it smarter, more persistent, and better at figuring things out on its own. That’s the biggest opportunity here. I don’t want an AI that needs to be managed every few steps. I want to give it an outcome and have it keep working until the job is actually done.

Right now it feels more like a high school-level intern than an actual employee.",silkp23,,2026-09-03T12:01:52Z,True,web_ssr_helpful,False,False
e5db667d210c4c84ce218dd85001f95ee7bc81670636550c58dbded64e0a010b,14504432841,6794501026,Grok Bot,us,5,from bar nights to 3 businesses,"I used to hate walking into every bartender shift. With Grok Bot I started three businesses on less than $350. A Chief of Staff now runs specialty bots that prep my day, automate the grind, and do the work of several people. I was profitable within a month. This is not another chat toy. It is a staff that shows up!","I used to hate walking into every bartender shift. With Grok Bot I started three businesses on less than $350. A Chief of Staff now runs specialty bots that prep my day, automate the grind, and do the work of several people. I was profitable within a month. This is not another chat toy. It is a staff that shows up!",WilliamBastian,1.4.0,2026-09-03T05:14:51Z,True,itunes_rss_mostHelpful,False,False
72472233b6123e424b6804a70f527e2a5945b54abc3cddc109aaa43f169f4ab3,14501227234,6794501026,Grok Bot,us,5,Absolutely game changer,"This is. ChatGPT moment in AI Bots, and GrokBot nailed it. I see a world, when the full potential of AI bots are realized,  where we don’t have to interact with software/apps on computers/phones and we interact with just the Chief of Staff, it takes our request, creates and manages all the bots needed to get the work done and reports back to us.","This is. ChatGPT moment in AI Bots, and GrokBot nailed it. I see a world, when the full potential of AI bots are realized,  where we don’t have to interact with software/apps on computers/phones and we interact with just the Chief of Staff, it takes our request, creates and manages all the bots needed to get the work done and reports back to us.",Wow I am speechless,1.4.0,2026-09-02T10:25:43Z,True,itunes_rss_mostHelpful,False,False
c910f630227cecdea7505bc11e3eb2cc84446b16ab53875261fe5b55a3ca3453,14500438249,6794501026,Grok Bot,us,5,Best thing since sliced bread!!!!,"I've been using many of the AI coding and development tools, and I can tell you that the orchestration layer and the ability for the Grok bot and Cursor agent to do coding and development work are extremely impressive. When you combine that aspect with the intuitive design of getting connected and up and running, it makes this a no-brainer. The only downside I will say is the token cost, and the amount of token burn when doing realistic work gets used extremely quickly, even when on the highest tier available.","I've been using many of the AI coding and development tools, and I can tell you that the orchestration layer and the ability for the Grok bot and Cursor agent to do coding and development work are extremely impressive. When you combine that aspect with the intuitive design of getting connected and up and running, it makes this a no-brainer. The only downside I will say is the token cost, and the amount of token burn when doing realistic work gets used extremely quickly, even when on the highest tier available.",Ronnie850,,2026-09-02T04:34:58Z,True,web_ssr_helpful,False,False
a265b2e42bb5cd54665a446d95486969f2bb8972b176611438a71913afd15361,14500391250,6794501026,Grok Bot,us,3,"Helpful When It Works, but Too Inconsistent","Grokbot has a lot of potential, and I like how quickly it works through ideas and complex assignments. When everything works correctly, it saves me time and produces useful results. The biggest problem is reliability. I have experienced usage limits, incomplete work, and times when the bot says a task is finished even though important steps remain. I often need to review the work closely or ask Grokbot to correct something it missed.

I want to rely on Grokbot for more of my daily workflow, but the inconsistent results make that difficult. Better task completion, clearer status updates, and fewer usage interruptions would make a major difference.","Grokbot has a lot of potential, and I like how quickly it works through ideas and complex assignments. When everything works correctly, it saves me time and produces useful results. The biggest problem is reliability. I have experienced usage limits, incomplete work, and times when the bot says a task is finished even though important steps remain. I often need to review the work closely or ask Grokbot to correct something it missed.

I want to rely on Grokbot for more of my daily workflow, but the inconsistent results make that difficult. Better task completion, clearer status updates, and fewer usage interruptions would make a major difference.",RichardNaimy,,2026-09-02T04:13:50Z,True,web_ssr_helpful,False,False
abf61ec8c0df7eec97b02fd23079b66cc987a5f904c3ad1d4a430dbcaa8e5d87,14500271271,6794501026,Grok Bot,us,5,HAS COMMON SENSE,"Cannot say enough good things about Grok Bot. But this has to be the top. Knows exactly what’s intended the first time, very little repeating or clarifying having to do because of the all of the context it gathers on its own. Honestly obsessed and rather not even think about going without it lol","Cannot say enough good things about Grok Bot. But this has to be the top. Knows exactly what’s intended the first time, very little repeating or clarifying having to do because of the all of the context it gathers on its own. Honestly obsessed and rather not even think about going without it lol",IsaWorld,1.4.0,2026-09-02T03:21:29Z,True,itunes_rss_mostHelpful,False,False
a346ba82fa87b9d64d71cd12932e6494104a26198f18a80a457a06bf44732d1c,14500108651,6794501026,Grok Bot,us,5,Excellent,"Grok bot is amazingly simple to use with other systems, Hermes etc. I spent more time working on them and getting them set up than actually doing anything with Grok bot I have got 10 times work done with very little set up","Grok bot is amazingly simple to use with other systems, Hermes etc. I spent more time working on them and getting them set up than actually doing anything with Grok bot I have got 10 times work done with very little set up",Dlc357,1.4.0,2026-09-02T02:15:20Z,True,itunes_rss_mostHelpful,False,False
31c7bdee7a767723735aacd6b48eb7a867f28576ef192f38c9abf35802125758,14500065352,6794501026,Grok Bot,us,5,"Actually ships work, not chat","Most AI apps talk. This one does the job. I use it to build systems, write copy, debug automations, and ship assets I’d otherwise sit on for a week. It doesn’t flatten everything into generic advice. It pushes back, remembers the standard, and finishes the thing. That’s rare. Five stars because it behaves like a teammate, not a search box with manners.","Most AI apps talk. This one does the job. I use it to build systems, write copy, debug automations, and ship assets I’d otherwise sit on for a week. It doesn’t flatten everything into generic advice. It pushes back, remembers the standard, and finishes the thing. That’s rare. Five stars because it behaves like a teammate, not a search box with manners.",Upset in the USA,1.4.0,2026-09-02T01:58:34Z,True,itunes_rss_mostHelpful,False,False
c6fea714e9c2d65b87ff3596b3fe86fbdf6ac223ab24622f4b45fcf3dc6078cc,14499949539,6794501026,Grok Bot,us,5,AI Agents Done Right and Easy,"This is literally the iPhone app moment for AI. Bots are so easy to create, they communicate with each other and get real world things done. It’s like having a whole army of assistants that work correctly and creating them is as easy as texting a new one. Easily best app on my phone.","This is literally the iPhone app moment for AI. Bots are so easy to create, they communicate with each other and get real world things done. It’s like having a whole army of assistants that work correctly and creating them is as easy as texting a new one. Easily best app on my phone.",EpicBowman,1.4.0,2026-09-02T01:14:25Z,True,itunes_rss_mostHelpful,False,False
fed042927c4dafdf9645024368814f8e4e331a106aabf5829f30d7c05d236701,14499851530,6794501026,Grok Bot,us,5,Remote server in my hands,"He’s really going to have a weight just in my hand and I can control my service and do that everything I want to do in my server also I can control my local pc, social media accounts and else so I really recommend this bot. That one is the next generation of top agent doing their things everywhere.","He’s really going to have a weight just in my hand and I can control my service and do that everything I want to do in my server also I can control my local pc, social media accounts and else so I really recommend this bot. That one is the next generation of top agent doing their things everywhere.",CO1N_Z,,2026-09-02T00:37:09Z,True,web_ssr_helpful,False,False
aefde1980886b68c363e29c3ada6033f39d25395f7e20be853c439743d9d84e4,14499793996,6794501026,Grok Bot,us,5,Orchestration at its finest!,"Grok is the best orchestrator I’ve used. It doesn’t just chat, it actually spins up cloud agents, chains the right tools together, and drives tasks all the way to completion instead of leaving you with half-baked plans. The coordination is fast, reliable, and surprisingly capable at turning a messy request into finished work. If you need something done rather than just discussed, Grok is the one that delivers.","Grok is the best orchestrator I’ve used. It doesn’t just chat, it actually spins up cloud agents, chains the right tools together, and drives tasks all the way to completion instead of leaving you with half-baked plans. The coordination is fast, reliable, and surprisingly capable at turning a messy request into finished work. If you need something done rather than just discussed, Grok is the one that delivers.",ChrisDTaylor,,2026-09-02T00:14:44Z,True,web_ssr_helpful,False,False
b6bd407c968a61cccef09a4cdbed06aa940e6639bf61cdea4b30a3d587ddf66e,14499786711,6794501026,Grok Bot,us,5,Wow. Addicted,I was a little skeptical because I tried open claw and Hermes before. But Grok Bot is just amazing. I love the fact that I can do almost anything with it. I even have Grok Bot configuring my Hermes.  it also set up my own local GPU to do video local video generation in my own hardware   This is taking it to the next level.,I was a little skeptical because I tried open claw and Hermes before. But Grok Bot is just amazing. I love the fact that I can do almost anything with it. I even have Grok Bot configuring my Hermes.  it also set up my own local GPU to do video local video generation in my own hardware   This is taking it to the next level.,adam_nv,1.4.0,2026-09-02T00:11:57Z,True,itunes_rss_mostHelpful,False,False
0e456117507267f0f183e4957e8e4810e40f414403e2313dc1e9954e103d9a64,14483834799,6794501026,Grok Bot,us,5,It just works,"I’ve been intrigued by agentic AI all year, but found OpenClaw/Hermes style harnesses technically intimidating, and wasn’t confident in my ability to implement them securely. Grok Bot solves that.

Within 10 minutes I’d created my Chief of Staff, and within the first 24 hours my team had accomplished weeks of productive output. I sincerely think it might be the most useful technology I’ve ever used.

Every bot has a sandboxed virtual machine that exists steady-state in the cloud. This lets it do anything you as a human can do on its own web browser and desktop environment — but without the security implications of letting it drive your personal computer.

It’s wild to watch my bots actually clicking around on their own computers screens, or see them collaboratively converse with each other or two solve problems for me. They aren’t quite perfect yet and occasionally still require correction and coaching (you can even share screen recordings to train it to do specific tasks for you). But even fresh bots are impressively competent office workers — moreso than many real humans I’ve hired.

Grok Bot feels like a true iPhone moment for agentic AI. It just works — with zero technical barrier to implementation.

xAI has changed the game, and I expect the other frontier labs to follow with similar products soon.

If you’ve been waiting to get started with AI, now is the time to jump on the train. You will be shocked at how easy this is to use.

The $40 SuperGrok plan is an INSANE value, bundling Grok Bot  with Grok 4.6 + Grok Build, the “expert” version of Grok chat, and ad-free X Premium. If you can’t get this subscription to quickly and easily pay for itself in real-world productivity, then YOU are the problem. For all but the most technical of power users, this is truly the one AI subscription to rule them all.

Welcome to the future.","I’ve been intrigued by agentic AI all year, but found OpenClaw/Hermes style harnesses technically intimidating, and wasn’t confident in my ability to implement them securely. Grok Bot solves that. 

Within 10 minutes I’d created my Chief of Staff, and within the first 24 hours my team had accomplished weeks of productive output. I sincerely think it might be the most useful technology I’ve ever used.  

Every bot has a sandboxed virtual machine that exists steady-state in the cloud. This lets it do anything you as a human can do on its own web browser and desktop environment — but without the security implications of letting it drive your personal computer. 

It’s wild to watch my bots actually clicking around on their own computers screens, or see them collaboratively converse with each other or two solve problems for me. They aren’t quite perfect yet and occasionally still require correction and coaching (you can even share screen recordings to train it to do specific tasks for you). But even fresh bots are impressively competent office workers — moreso than many real humans I’ve hired. 

Grok Bot feels like a true iPhone moment for agentic AI. It just works — with zero technical barrier to implementation. 

xAI has changed the game, and I expect the other frontier labs to follow with similar products soon. 

If you’ve been waiting to get started with AI, now is the time to jump on the train. You will be shocked at how easy this is to use. 

The $40 SuperGrok plan is an INSANE value, bundling Grok Bot  with Grok 4.6 + Grok Build, the “expert” version of Grok chat, and ad-free X Premium. If you can’t get this subscription to quickly and easily pay for itself in real-world productivity, then YOU are the problem. For all but the most technical of power users, this is truly the one AI subscription to rule them all. 

Welcome to the future.",Jonathan Willbanks,,2026-08-28T23:20:02Z,True,web_ssr_helpful,False,False
da46580b33c43aef7dcd0f9520a4b31ebcb14d5cb302a99a37672aae5d070f2d,14483294989,6794501026,Grok Bot,us,5,This is the Future,"I’ve been using Grok Bot for the last couple of weeks, I’m using it to triage emails in several different accounts. I’ve used it to build a couple financial models for my businesses, and I have created a massive wiki page for all of the projects that my businesses are associated with.  Amazing!!!   Highly recommend to use and we’ll get nothing but better.","I’ve been using Grok Bot for the last couple of weeks, I’m using it to triage emails in several different accounts. I’ve used it to build a couple financial models for my businesses, and I have created a massive wiki page for all of the projects that my businesses are associated with.  Amazing!!!   Highly recommend to use and we’ll get nothing but better.",Silo1wq,,2026-08-28T19:50:42Z,True,web_ssr_helpful,False,False
558be788932dcfba0c1b9dfac102fa251fc19b15914fcc7a1e610a4e699a9269,14479975588,6794501026,Grok Bot,us,5,Ai assistant for normies is here,"I can’t believe I will pay $300 for an ai bot. But it’s worth every dime. Just a normal guy doesn’t really know coding but this tool is for everybody. Especially now it’s price keep dropping and within week, it only cost $20 instead of $300. The more users it get, the cheaper it get.","I can’t believe I will pay $300 for an ai bot. But it’s worth every dime. Just a normal guy doesn’t really know coding but this tool is for everybody. Especially now it’s price keep dropping and within week, it only cost $20 instead of $300. The more users it get, the cheaper it get.",Jack Emobility,1.4.0,2026-08-27T23:37:29Z,True,itunes_rss_mostHelpful,False,False
743ab1494bc185304ccfe0a119c3fa1bd0500b2a298ebfafaa33c881334f0dde,14468555666,6794501026,Grok Bot,us,5,Helping me juggle parenting,"As a dad with 3 kids, life can be hectic. Between work, family, house, bills, and all the other stuff I have to juggle, Grok Bots are helping me manage it all.

My favorite Grok Bot thus far is School Administrator. From important dates to what’s on the school lunch menu, Grok Bots have me covered.","As a dad with 3 kids, life can be hectic. Between work, family, house, bills, and all the other stuff I have to juggle, Grok Bots are helping me manage it all. 

My favorite Grok Bot thus far is School Administrator. From important dates to what’s on the school lunch menu, Grok Bots have me covered.",Baf183,1.3.1,2026-08-25T01:40:15Z,True,itunes_rss_mostHelpful,False,False
b487b6ed9ba122caeb892e64f9739202105b88b36d2286bb1527a232f7725dbf,14468243267,6794501026,Grok Bot,us,5,Best AI tool I’ve ever used,"It’s in early beta so the use limits are low right now but within hours I automated an entire sales process and had a team of employees who were fast, obedient, diligent, and smart. The stars will be the limit with this technology. It is truly transformative to work and entrepreneurial endeavors and once it’s running at full speed I’ll never work the same again.","It’s in early beta so the use limits are low right now but within hours I automated an entire sales process and had a team of employees who were fast, obedient, diligent, and smart. The stars will be the limit with this technology. It is truly transformative to work and entrepreneurial endeavors and once it’s running at full speed I’ll never work the same again.",DavyB225,,2026-08-24T23:38:13Z,True,web_ssr_helpful,False,False
93cd3fa70726e20f3bd58a14c482260a5a836594f93291af1d271c231a10435c,14460899025,6794501026,Grok Bot,us,5,"Just Works, Plain and Simple",Grok bot is easily the best agentic harness out there. It is highly intuitive as well as great for cross platform work where I can start on my computer and then can get updates on my phone if I am out and about. Not to mention that it is super fast and the credit limits are generous.,Grok bot is easily the best agentic harness out there. It is highly intuitive as well as great for cross platform work where I can start on my computer and then can get updates on my phone if I am out and about. Not to mention that it is super fast and the credit limits are generous.,brando12345!,1.3.1,2026-08-23T02:13:55Z,True,itunes_rss_mostHelpful,False,False
b3eaf4fdf10ccb031654d9c2f76029a096f0b5e458442a309241f89878f96c47,14456915275,6794501026,Grok Bot,us,5,The most amazing technology I’ve ever experienced,"I’m a Realtor hitting Savannah Georgia area I set up my entire team of AI agents using Grok Bot and I’m telling you I have saved the most amount of hours ever. This is one of those products that sounds a little bit too good to be true until you try and realize that it is actually legit… I cannot wait for the future. I’m super excited about what’s happening with SpaceXai . I was really skeptic of this type of stuff, but oh my God… I’m literally like a little child. Excited to see the future update updates. Keep it up. You guys are doing a great job.","I’m a Realtor hitting Savannah Georgia area I set up my entire team of AI agents using Grok Bot and I’m telling you I have saved the most amount of hours ever. This is one of those products that sounds a little bit too good to be true until you try and realize that it is actually legit… I cannot wait for the future. I’m super excited about what’s happening with SpaceXai . I was really skeptic of this type of stuff, but oh my God… I’m literally like a little child. Excited to see the future update updates. Keep it up. You guys are doing a great job.",Yadielbruno,,2026-08-22T01:29:38Z,True,web_ssr_helpful,False,False
fd8aa92aaab80ffacabce615985a4290ae94b2d159e1a5e7fdb2234d58700448,14445195761,6794501026,Grok Bot,us,5,I’m the Captain now!,"Grokbot had taken me from working with a bunch of random agents across products, to having a living, persistent team of experts I work with every day.

This feels like an evolution, like when cowork shook everyone, but a level higher to me personally.","Grokbot had taken me from working with a bunch of random agents across products, to having a living, persistent team of experts I work with every day.

This feels like an evolution, like when cowork shook everyone, but a level higher to me personally.",jcbbr,1.2,2026-08-19T02:59:35Z,True,itunes_rss_mostHelpful,False,False
cc9ce570a9b40d8984daec0516a99347a38225eaac30af31fdb5e1992b2b3f5e,14443859934,6794501026,Grok Bot,us,5,Completely changed how I work!,"I love that every chat is personalized and remembers the details we discussed earlier. The app is really useful for doing actual work — I set a few tasks up before I go to sleep, then review it when I wake up and get so much more done!","I love that every chat is personalized and remembers the details we discussed earlier. The app is really useful for doing actual work — I set a few tasks up before I go to sleep, then review it when I wake up and get so much more done!",Emee Ess,1.2,2026-08-18T18:39:49Z,True,itunes_rss_mostHelpful,False,False
4c24d831f98fe1e48de214b5a956e9bf8207d97677b024828dd4d632a4ac7d32,14443564578,6794501026,Grok Bot,us,5,AI assitant that works,"Grok Bot is my daily driver for everything - from personal life management such as email, calendar, deliveries, routines.. to dedicated work workflows like meetings prep, google workspace, customer support…
One of my favorite things about it is that each interaction with my bots feel natural and reliable.","Grok Bot is my daily driver for everything - from personal life management such as email, calendar, deliveries, routines.. to dedicated work workflows like meetings prep, google workspace, customer support…
One of my favorite things about it is that each interaction with my bots feel natural and reliable.",GuyB20,1.2,2026-08-18T17:05:11Z,True,itunes_rss_mostHelpful,False,False
1581f5663e6f4e60ca5403c4887876bb80d361a6d9622b6ba81baaa7baf40399,14443279852,6794501026,Grok Bot,us,5,Awesome,"Grok Bot is an amazing tool.  The internal computer the bots use enable you to extend capabilities well the existing connectors.  Super customizable and the bots teachable.  As a techie who uses Grok Build daily, Grok Bot is the perfect companion to automate my work flows, manage emails, do market research, manage your calendars, generate reports… you get the idea.  You’re only limited by your imagination.  I love that this app is consistent and synced across your devices, which is perfect if you’re on the go and only have your phone.  Highly recommend!  Definitely give it a whirl.","Grok Bot is an amazing tool.  The internal computer the bots use enable you to extend capabilities well the existing connectors.  Super customizable and the bots teachable.  As a techie who uses Grok Build daily, Grok Bot is the perfect companion to automate my work flows, manage emails, do market research, manage your calendars, generate reports… you get the idea.  You’re only limited by your imagination.  I love that this app is consistent and synced across your devices, which is perfect if you’re on the go and only have your phone.  Highly recommend!  Definitely give it a whirl.",Padfoot Z,,2026-08-18T15:40:22Z,True,web_ssr_helpful,False,False
ffcca8b3d28800c7bb3640196510913afa65fff6966d8b3dd2bd948af061aad7,14431868345,6794501026,Grok Bot,us,5,Blown away so far!,"I did the free trial, which was a little tricky to figure out how to do. On the website if you choose the upgrade to Cursor Ultra option, after clicking on that, even though it said it was $200, it gave me the option for a free trial. The free trial was enough usage to do a decent test with a handful of bots on different tasks.

I ran out of the free usage and based on the results of one bot I had trained on adding product pages to my website, I decided to pay $200 to upgrade to the monthly cursor ultra plan.

So far Grok Bots seem really powerful and capable. I’m really impressed with what it has done so far. Still super early, which means it will only get better. I will have to see how things are running after I have trained all of the bots I’ve created for different tasks, but I feel like this really could be life-changing for me. I have it doing several things that are giving me time back in my day already. And I’m accomplishing more.

Adding product pages to the site has still been on the slow side. About 30 minutes per product page. But I have it telling me how long it is taking it to do each page and it seems to be getting faster. It’s great that I can show it what to do as well. I’m going to show it an optimized workflow for the things. I’m having it do. The initial product adding it did, I didn’t even show out what to do, it just figured everything out. Takes correction really well and now seems to be doing new product pages about as well as I do.

I’ve had my mind blown over and over again using Grok Bot these last couple of days. $200 a month feels expensive, but I think it’s going to enable me to make more money in my small business and recover time. And I’ve had years and years of not having the time I want.

Very well done Grok Bot team!","I did the free trial, which was a little tricky to figure out how to do. On the website if you choose the upgrade to Cursor Ultra option, after clicking on that, even though it said it was $200, it gave me the option for a free trial. The free trial was enough usage to do a decent test with a handful of bots on different tasks.

I ran out of the free usage and based on the results of one bot I had trained on adding product pages to my website, I decided to pay $200 to upgrade to the monthly cursor ultra plan.

So far Grok Bots seem really powerful and capable. I’m really impressed with what it has done so far. Still super early, which means it will only get better. I will have to see how things are running after I have trained all of the bots I’ve created for different tasks, but I feel like this really could be life-changing for me. I have it doing several things that are giving me time back in my day already. And I’m accomplishing more.

Adding product pages to the site has still been on the slow side. About 30 minutes per product page. But I have it telling me how long it is taking it to do each page and it seems to be getting faster. It’s great that I can show it what to do as well. I’m going to show it an optimized workflow for the things. I’m having it do. The initial product adding it did, I didn’t even show out what to do, it just figured everything out. Takes correction really well and now seems to be doing new product pages about as well as I do.

I’ve had my mind blown over and over again using Grok Bot these last couple of days. $200 a month feels expensive, but I think it’s going to enable me to make more money in my small business and recover time. And I’ve had years and years of not having the time I want.

Very well done Grok Bot team!",big_dan_,,2026-08-15T18:42:20Z,True,web_ssr_helpful,False,False
3a4b49a6ba0fdefad8dc12897a3b690b29a63b586e495ff8ec47e66b7ad84236,14423306007,6794501026,Grok Bot,us,5,An ai employee,This feels like the next logical evolution of chat-based AI assistant. No more juggling chat threads. Just talk with your named Bot and ask him to do stuff. He has a computer and can connect to all of the software you use every day. Excited to see this product continue to evolve.,This feels like the next logical evolution of chat-based AI assistant. No more juggling chat threads. Just talk with your named Bot and ask him to do stuff. He has a computer and can connect to all of the software you use every day. Excited to see this product continue to evolve.,Will Stith,1.0,2026-08-13T16:16:53Z,True,itunes_rss_mostHelpful,False,False
